Config.,Cohort,Metric,n,IPL mean ± SD,ipldt mean ± SD,Bias (ipldt − IPL),95% LoA,Slope,R²,"ICC(2,1)",Largest relative difference (%),Equal (12 s.f.),facts key
B,all (n = 137),BV/TV,137,0.1973 ± 0.1053,0.1973 ± 0.1053,1.90e-6,"[−2.72e-5, 3.10e-5]",1.000013,1.0000000,1.0000000,0.0506,85/137,metrics.B.pooled.BVTV.*
B,all (n = 137),Tb.Th (mm),137,0.2081 ± 0.0224,0.2081 ± 0.0224,1.31e-6,"[−1.72e-5, 1.98e-5]",1.000038,0.9999998,0.9999999,0.0405,81/137,metrics.B.pooled.TbTh_trabseg.*
B,all (n = 137),Tb.Sp (mm),137,1.0007 ± 0.8245,1.0007 ± 0.8245,1.47e-8,"[−7.08e-6, 7.11e-6]",1.000000,1.0000000,1.0000000,0.0038,73/137,metrics.B.pooled.TbSp.*
B,all (n = 137),Tb.N (1/mm),137,1.365 ± 0.649,1.365 ± 0.649,1.00e-6,"[−2.01e-5, 2.21e-5]",1.000000,1.0000000,1.0000000,0.0088,73/137,metrics.B.pooled.TbN.*
B,all (n = 137),Ct.Th (mm),137,2.795 ± 1.851,2.795 ± 1.851,0,"[0, 0]",1.000000,1.0000000,1.0000000,0.0000,137/137,metrics.B.pooled.CtTh.*
B,patella,BV/TV,21,0.3560 ± 0.0428,0.3560 ± 0.0428,−1.34e-8,"[−1.55e-7, 1.28e-7]",1.000000,1.0000000,1.0000000,0.0001,11/21,metrics.B.patella.BVTV.*
B,patella,Tb.Th (mm),21,0.2243 ± 0.0083,0.2243 ± 0.0083,2.51e-8,"[−1.95e-7, 2.45e-7]",1.000002,1.0000000,1.0000000,0.0002,7/21,metrics.B.patella.TbTh_trabseg.*
B,patella,Tb.Sp (mm),21,0.3591 ± 0.0596,0.3591 ± 0.0596,−2.00e-8,"[−1.10e-7, 6.98e-8]",1.000000,1.0000000,1.0000000,0.0001,6/21,metrics.B.patella.TbSp.*
B,patella,Tb.N (1/mm),21,2.390 ± 0.272,2.390 ± 0.272,2.99e-7,"[−5.16e-6, 5.76e-6]",0.999998,1.0000000,1.0000000,0.0003,8/21,metrics.B.patella.TbN.*
B,patella,Ct.Th (mm),21,3.105 ± 0.966,3.105 ± 0.966,0,"[0, 0]",1.000000,1.0000000,1.0000000,0.0000,21/21,metrics.B.patella.CtTh.*
B,radius / tibia,BV/TV,116,0.1686 ± 0.0858,0.1686 ± 0.0858,2.24e-6,"[−2.94e-5, 3.39e-5]",1.000032,1.0000000,1.0000000,0.0506,74/116,metrics.B.oslh.BVTV.*
B,radius / tibia,Tb.Th (mm),116,0.2052 ± 0.0229,0.2052 ± 0.0229,1.54e-6,"[−1.85e-5, 2.16e-5]",1.000052,0.9999998,0.9999999,0.0405,74/116,metrics.B.oslh.TbTh_trabseg.*
B,radius / tibia,Tb.Sp (mm),116,1.1168 ± 0.8454,1.1168 ± 0.8454,2.10e-8,"[−7.69e-6, 7.74e-6]",1.000000,1.0000000,1.0000000,0.0038,67/116,metrics.B.oslh.TbSp.*
B,radius / tibia,Tb.N (1/mm),116,1.180 ± 0.509,1.180 ± 0.509,1.13e-6,"[−2.17e-5, 2.40e-5]",1.000001,1.0000000,1.0000000,0.0088,65/116,metrics.B.oslh.TbN.*
B,radius / tibia,Ct.Th (mm),116,2.739 ± 1.967,2.739 ± 1.967,0,"[0, 0]",1.000000,1.0000000,1.0000000,0.0000,116/116,metrics.B.oslh.CtTh.*
A,all (n = 137),BV/TV,137,0.1973 ± 0.1053,0.1973 ± 0.1053,0,"[0, 0]",1.000000,1.0000000,1.0000000,0.0000,137/137,metrics.A.pooled.BVTV.*
A,all (n = 137),Tb.Th (mm),137,0.2081 ± 0.0224,0.2081 ± 0.0224,0,"[0, 0]",1.000000,1.0000000,1.0000000,0.0000,137/137,metrics.A.pooled.TbTh_trabseg.*
A,all (n = 137),Tb.Sp (mm),137,1.0007 ± 0.8245,1.0007 ± 0.8245,0,"[0, 0]",1.000000,1.0000000,1.0000000,0.0000,137/137,metrics.A.pooled.TbSp.*
A,all (n = 137),Tb.N (1/mm),137,1.365 ± 0.649,1.365 ± 0.649,0,"[0, 0]",1.000000,1.0000000,1.0000000,0.0000,137/137,metrics.A.pooled.TbN.*
A,all (n = 137),Ct.Th (mm),137,2.795 ± 1.851,2.795 ± 1.851,0,"[0, 0]",1.000000,1.0000000,1.0000000,0.0000,137/137,metrics.A.pooled.CtTh.*
A,all (n = 137),Ct.Po,137,0.0609 ± 0.0424,0.0609 ± 0.0424,0,"[0, 0]",1.000000,1.0000000,1.0000000,0.0000,137/137,FACTS_BMD_CTPO: pore.A.*
B,all (n = 137),Ct.Po,137,0.0609 ± 0.0424,0.0609 ± 0.0424,2.87e-6,"[−1.27e-4, 1.33e-4]",1.000059,0.9999976,0.9999988,0.9396,92/137,FACTS_BMD_CTPO: pore.B.*
