site,key,slices,cort_ipl,trab_ipl,cort_ours,trab_ours,cort_diff,trab_diff,cort_diff_rendered,trab_diff_rendered,compared,step1_seconds
patella,PFJ-ab6af9_R,504,19043007,35993080,19043007,35993080,0,0,0,0,STEP 1 rasters,24.428822994232178
patella,PFJ-0be66a_R,168,7154580,20329639,7154580,20329639,0,0,0,0,STEP 1 rasters,9.500320196151733
patella,PFJ-351dc7_R,320,21756470,16621838,21756470,16621838,0,0,0,0,STEP 1 rasters,19.082608461380005
patella,PFJ-8bcf88_L,168,8085884,13937351,8085884,13937351,0,0,0,0,STEP 1 rasters,8.17537236213684
patella,PFJ-8bcf88_R,168,8849135,9988502,8849135,9988502,0,0,0,0,STEP 1 rasters,6.877758502960205
patella,PFJ-d81140_L,168,8355864,18225737,8355864,18225737,0,0,0,0,STEP 1 rasters,8.851822853088379
patella,PFJ-d81140_R,168,9176177,18798242,9176177,18798242,0,0,0,0,STEP 1 rasters,9.179450035095215
patella,PFJ-0fb201_R,168,10290018,17754140,10290018,17754140,0,0,0,0,STEP 1 rasters,9.296789169311523
patella,PFJ-a5ee4c_R,168,9330060,19601071,9330060,19601071,0,0,0,0,STEP 1 rasters,9.397058725357056
patella,PFJ-5f00b4_R,168,11002444,10748734,11002444,10748734,0,0,0,0,STEP 1 rasters,7.384284973144531
patella,PFJ-a91200_L,168,5670798,20683984,5670798,20683984,0,0,0,0,STEP 1 rasters,9.128495216369629
patella,PFJ-b5d5d9_L,168,5889169,12936084,5889169,12936084,0,0,0,0,STEP 1 rasters,6.872327566146851
patella,PFJ-42293d_L,168,10538407,21433553,10538407,21433553,0,0,0,0,STEP 1 rasters,10.818296909332275
patella,PFJ-a56aae_R,168,7964906,15513179,7964906,15513179,0,0,0,0,STEP 1 rasters,8.930014610290527
patella,PFJ-6f5538_R,168,11450375,1793473,11450375,1793473,0,0,0,0,STEP 1 rasters,4.443619728088379
patella,PFJ-6b714e_L,168,8088752,10244462,8088752,10244462,0,0,0,0,STEP 1 rasters,6.173022508621216
patella,PFJ-6b714e_R,168,6364868,9665551,6364868,9665551,0,0,0,0,STEP 1 rasters,6.122121095657349
patella,PFJ-69bcb0_L,168,12270535,22124717,12270535,22124717,0,0,0,0,STEP 1 rasters,12.193284749984741
patella,PFJ-69bcb0_R,168,9978661,26283976,9978661,26283976,0,0,0,0,STEP 1 rasters,12.955843448638916
patella,PFJ-411dfd_L,168,7827072,20902550,7827072,20902550,0,0,0,0,STEP 1 rasters,9.643887042999268
patella,PFJ-411dfd_R,168,7121685,17987765,7121685,17987765,0,0,0,0,STEP 1 rasters,8.860181331634521
UD radius,Distal_CKD_487451,168,1235838,11845993,1235838,11845993,0,0,0,0,rendered contours,9.799911260604858
UD radius,Distal_CKD_517426,168,2557473,20376860,2557473,20376860,0,0,0,0,rendered contours,17.633283376693726
UD radius,Distal_CKD_128972,168,1889279,23877805,1889279,23877805,0,0,0,0,rendered contours,20.163703203201294
UD radius,Distal_CKD_524300,168,2528061,17536123,2528061,17536123,0,0,0,0,rendered contours,15.820713996887207
UD radius,Distal_CKD_717613,168,4004746,13773859,4004746,13773859,0,0,0,0,rendered contours,14.137320756912231
UD radius,Distal_CKD_969383,168,2046856,15051509,2046856,15051509,0,0,0,0,rendered contours,13.32279896736145
UD radius,Distal_CKD_379176,168,2068798,14984697,2068798,14984697,0,0,0,0,rendered contours,14.767392635345459
UD radius,Distal_CKD_779503,168,2487055,13114019,2487055,13114019,0,0,0,0,rendered contours,12.823915481567383
UD radius,Distal_CKD_802246,168,2085595,17811369,2085595,17811369,0,0,0,0,rendered contours,14.405721187591553
UD radius,Distal_REPRO_346361,168,3890843,15753094,3890843,15753094,0,0,0,0,rendered contours,15.14803695678711
UD radius,Distal_REPRO_237035,168,2811215,18085494,2811215,18085494,0,0,0,0,rendered contours,18.230672597885132
UD radius,Distal_REPRO_802851,168,3175944,15575323,3175944,15575323,0,0,0,0,rendered contours,15.282715797424316
UD radius,Distal_REPRO_815742,168,2607532,17480529,2607532,17480529,0,0,0,0,rendered contours,15.103907108306885
UD radius,Distal_REPRO_784915,168,2015489,15904132,2015489,15904132,0,0,0,0,rendered contours,13.827303171157837
UD radius,Distal_REPRO_319997,168,2025325,14619937,2025325,14619937,0,0,0,0,rendered contours,12.767713069915771
UD radius,Distal_REPRO_449250,168,2890745,16292215,2890745,16292215,0,0,0,0,rendered contours,14.902061939239502
UD radius,Distal_REPRO_243813,168,1900286,13055933,1900286,13055933,0,0,0,0,rendered contours,11.161495923995972
UD radius,Distal_REPRO_809980,168,4394373,11702230,4394373,11702230,0,0,0,0,rendered contours,15.781034469604492
UD radius,Distal_REPRO_850517,168,1796784,11911529,1796784,11911529,0,0,0,0,rendered contours,11.214956283569336
UD radius,Distal_REPRO_763554,168,2814980,10428781,2814980,10428781,0,0,0,0,rendered contours,12.18556022644043
UD radius,Distal_REPRO_444084,168,2674078,9259017,2674078,9259017,0,0,0,0,rendered contours,10.619044542312622
UD radius,Distal_REPRO_247104,168,1513941,13248292,1513941,13248292,0,0,0,0,rendered contours,11.260951280593872
UD radius,Distal_REPRO_441968,168,2664565,17612789,2664565,17612789,0,0,0,0,rendered contours,18.72781538963318
UD radius,Distal_REPRO_472790,168,2056817,16547534,2056817,16547534,0,0,0,0,rendered contours,16.051321029663086
UD radius,Distal_REPRO_775813,168,3709863,15927921,3709863,15927921,0,0,0,0,rendered contours,21.02016305923462
UD radius,Distal_REPRO_697852,168,2698736,15695773,2698736,15695773,0,0,0,0,rendered contours,16.53682827949524
UD radius,Distal_REPRO_139411,168,2457209,19645492,2457209,19645492,0,0,0,0,rendered contours,15.76477837562561
UD radius,Distal_REPRO_354224,168,1783135,13932420,1783135,13932420,0,0,0,0,rendered contours,17.39264965057373
UD radius,Distal_REPRO_188992,168,3023932,19346101,3023932,19346101,0,0,0,0,rendered contours,23.223153829574585
UD tibia,Distal_CKD_345857,168,2275384,23686696,2275384,23686696,0,0,0,0,rendered contours,18.068554401397705
UD tibia,Distal_CKD_407187,168,6833561,39344746,6833561,39344746,0,0,0,0,rendered contours,28.140082597732544
UD tibia,Distal_CKD_853269,168,5622407,47013144,5622407,47013144,0,0,0,0,rendered contours,32.59476590156555
UD tibia,Distal_CKD_670761,168,7126041,27190927,7126041,27190927,0,0,0,0,rendered contours,20.623707056045532
UD tibia,Distal_CKD_951475,168,7527199,27369290,7527199,27369290,0,0,0,0,rendered contours,22.763188123703003
UD tibia,Distal_CKD_950636,168,2892250,30718460,2892250,30718460,0,0,0,0,rendered contours,22.63134503364563
UD tibia,Distal_CKD_113739,168,5680782,25819889,5680782,25819889,0,0,0,0,rendered contours,22.567480325698853
UD tibia,Distal_CKD_114224,168,7203395,28183562,7203395,28183562,0,0,0,0,rendered contours,25.536081314086914
UD tibia,Distal_CKD_386723,168,3833957,28625273,3833957,28625273,0,0,0,0,rendered contours,21.994436740875244
UD tibia,Distal_REPRO_2051,168,8385204,32279284,8385204,32279284,0,0,0,0,rendered contours,24.954904317855835
UD tibia,Distal_REPRO_612066,168,6880504,31840067,6880504,31840067,0,0,0,0,rendered contours,27.519131660461426
UD tibia,Distal_REPRO_2095,168,7796430,25701672,7796430,25701672,0,0,0,0,rendered contours,22.041159868240356
UD tibia,Distal_REPRO_204801,168,8186666,28551124,8186666,28551124,0,0,0,0,rendered contours,26.17243266105652
UD tibia,Distal_REPRO_702705,168,5797943,30814705,5797943,30814705,0,0,0,0,rendered contours,22.46527624130249
UD tibia,Distal_REPRO_169172,168,4637764,31644334,4637764,31644334,0,0,0,0,rendered contours,23.55137586593628
UD tibia,Distal_REPRO_701639,168,7022553,25005589,7022553,25005589,0,0,0,0,rendered contours,19.27568006515503
UD tibia,Distal_REPRO_631616,168,5589305,20653650,5589305,20653650,0,0,0,0,rendered contours,17.51009440422058
UD tibia,Distal_REPRO_676439,168,7730097,23450127,7730097,23450127,0,0,0,0,rendered contours,21.950535774230957
UD tibia,Distal_REPRO_512539,168,4318400,20687633,4318400,20687633,0,0,0,0,rendered contours,16.598612070083618
UD tibia,Distal_REPRO_855911,168,6525926,20291800,6525926,20291800,0,0,0,0,rendered contours,18.033015727996826
UD tibia,Distal_REPRO_462076,168,6223485,21531500,6223485,21531500,0,0,0,0,rendered contours,17.874790906906128
UD tibia,Distal_REPRO_721429,168,4397787,23631217,4397787,23631217,0,0,0,0,rendered contours,18.913398027420044
UD tibia,Distal_REPRO_197603,168,6129345,30959855,6129345,30959855,0,0,0,0,rendered contours,26.228562116622925
UD tibia,Distal_REPRO_478243,168,4859602,28283380,4859602,28283380,0,0,0,0,rendered contours,26.32093095779419
UD tibia,Distal_REPRO_467802,168,8795366,32006114,8795366,32006114,0,0,0,0,rendered contours,29.471611976623535
UD tibia,Distal_REPRO_570636,168,6527802,30291565,6527802,30291565,0,0,0,0,rendered contours,24.423136949539185
UD tibia,Distal_REPRO_512830,168,6953401,32339489,6953401,32339489,0,0,0,0,rendered contours,27.02770161628723
UD tibia,Distal_REPRO_256984,168,4344199,29401359,4344199,29401359,0,0,0,0,rendered contours,25.320353507995605
UD tibia,Distal_REPRO_476576,168,8113695,32016060,8113695,32016060,0,0,0,0,rendered contours,28.36591100692749
D radius,Diaphyseal_CKD_558517,168,6387294,1682243,6387294,1682243,0,0,0,0,rendered contours,4.135738372802734
D radius,Diaphyseal_CKD_581203,168,2841683,2041415,2841683,2041415,0,0,0,0,rendered contours,2.9749503135681152
D radius,Diaphyseal_CKD_341269,168,3941522,796266,3941522,796266,0,0,0,0,rendered contours,2.935539484024048
D radius,Diaphyseal_CKD_797034,168,2284660,925525,2284660,925525,0,0,0,0,rendered contours,1.9967420101165771
D radius,Diaphyseal_CKD_551488,168,5159562,2027442,5159562,2027442,0,0,0,0,rendered contours,3.7966766357421875
D radius,Diaphyseal_CKD_331338,168,4603581,3639376,4603581,3639376,0,0,0,0,rendered contours,4.474703550338745
D radius,Diaphyseal_CKD_263312,168,4802359,2016382,4802359,2016382,0,0,0,0,rendered contours,3.4826712608337402
D radius,Diaphyseal_CKD_220364,168,3574722,1154865,3574722,1154865,0,0,0,0,rendered contours,2.6361145973205566
D radius,Diaphyseal_CKD_357300,168,3454219,867907,3454219,867907,0,0,0,0,rendered contours,2.4406821727752686
D radius,Diaphyseal_REPRO_655328,168,5224002,1273117,5224002,1273117,0,0,0,0,rendered contours,3.146761417388916
D radius,Diaphyseal_REPRO_907071,168,4168334,727173,4168334,727173,0,0,0,0,rendered contours,2.5091168880462646
D radius,Diaphyseal_REPRO_930535,168,5036723,724298,5036723,724298,0,0,0,0,rendered contours,2.9801173210144043
D radius,Diaphyseal_REPRO_941610,168,5170843,872345,5170843,872345,0,0,0,0,rendered contours,2.9006173610687256
D radius,Diaphyseal_REPRO_5876,168,3506710,1421038,3506710,1421038,0,0,0,0,rendered contours,2.685579776763916
D radius,Diaphyseal_REPRO_574404,168,3146918,1742366,3146918,1742366,0,0,0,0,rendered contours,2.7829747200012207
D radius,Diaphyseal_REPRO_189563,168,4521783,2420096,4521783,2420096,0,0,0,0,rendered contours,3.475539207458496
D radius,Diaphyseal_REPRO_950609,168,2865949,359885,2865949,359885,0,0,0,0,rendered contours,1.5984444618225098
D radius,Diaphyseal_REPRO_368516,168,4809008,734715,4809008,734715,0,0,0,0,rendered contours,2.7922027111053467
D radius,Diaphyseal_REPRO_797786,168,2809007,737066,2809007,737066,0,0,0,0,rendered contours,1.8917009830474854
D radius,Diaphyseal_REPRO_760494,168,3758538,963383,3758538,963383,0,0,0,0,rendered contours,2.388273000717163
D radius,Diaphyseal_REPRO_962411,168,3657451,573449,3657451,573449,0,0,0,0,rendered contours,2.273206949234009
D radius,Diaphyseal_REPRO_589348,168,2706206,1407784,2706206,1407784,0,0,0,0,rendered contours,2.3973419666290283
D radius,Diaphyseal_REPRO_246089,168,4197871,1154299,4197871,1154299,0,0,0,0,rendered contours,2.7988715171813965
D radius,Diaphyseal_REPRO_880988,168,3079652,1736383,3079652,1736383,0,0,0,0,rendered contours,2.696934700012207
D radius,Diaphyseal_REPRO_546324,168,4586754,778662,4586754,778662,0,0,0,0,rendered contours,2.6799654960632324
D radius,Diaphyseal_REPRO_305604,168,3737078,856286,3737078,856286,0,0,0,0,rendered contours,2.3370258808135986
D radius,Diaphyseal_REPRO_392589,168,4305689,804487,4305689,804487,0,0,0,0,rendered contours,2.512880325317383
D radius,Diaphyseal_REPRO_352455,168,2873572,1497228,2873572,1497228,0,0,0,0,rendered contours,2.4553701877593994
D radius,Diaphyseal_REPRO_407979,168,4350653,1563885,4350653,1563885,0,0,0,0,rendered contours,4.368417501449585
D tibia,Diaphyseal_BMAT_610892,168,6998665,4460987,6998665,4460987,0,0,0,0,rendered contours,11.92781686782837
D tibia,Diaphyseal_CKD_2422,168,13390236,5571692,13390236,5571692,0,0,0,0,rendered contours,13.343807458877563
D tibia,Diaphyseal_CKD_449824,168,7756662,9945671,7756662,9945671,0,0,0,0,rendered contours,12.040456295013428
D tibia,Diaphyseal_CKD_433045,168,13959748,5690444,13959748,5690444,0,0,0,0,rendered contours,10.343322277069092
D tibia,Diaphyseal_CKD_312922,168,4846447,5721721,4846447,5721721,0,0,0,0,rendered contours,6.535574674606323
D tibia,Diaphyseal_CKD_490293,168,15097992,6721377,15097992,6721377,0,0,0,0,rendered contours,13.783335447311401
D tibia,Diaphyseal_CKD_264031,168,14224070,9549260,14224070,9549260,0,0,0,0,rendered contours,12.22195291519165
D tibia,Diaphyseal_CKD_131714,168,13874696,10131193,13874696,10131193,0,0,0,0,rendered contours,12.700037002563477
D tibia,Diaphyseal_CKD_315196,168,9969836,5887728,9969836,5887728,0,0,0,0,rendered contours,8.655379056930542
D tibia,Diaphyseal_REPRO_282547,168,16032106,6431936,16032106,6431936,0,0,0,0,rendered contours,10.902105331420898
D tibia,Diaphyseal_REPRO_314619,168,14923877,3572625,14923877,3572625,0,0,0,0,rendered contours,8.917884349822998
D tibia,Diaphyseal_REPRO_948276,168,14056791,3763650,14056791,3763650,0,0,0,0,rendered contours,8.984468698501587
D tibia,Diaphyseal_REPRO_787166,168,15917697,4565661,15917697,4565661,0,0,0,0,rendered contours,10.540068864822388
D tibia,Diaphyseal_REPRO_330187,168,10448393,5201794,10448393,5201794,0,0,0,0,rendered contours,11.331931829452515
D tibia,Diaphyseal_REPRO_508753,168,10587416,6816787,10587416,6816787,0,0,0,0,rendered contours,9.019635438919067
D tibia,Diaphyseal_REPRO_211122,168,12644562,5479580,12644562,5479580,0,0,0,0,rendered contours,9.579838991165161
D tibia,Diaphyseal_REPRO_231656,168,9731142,3009892,9731142,3009892,0,0,0,0,rendered contours,7.066491365432739
D tibia,Diaphyseal_REPRO_797620,168,14439043,5067837,14439043,5067837,0,0,0,0,rendered contours,10.75162410736084
D tibia,Diaphyseal_REPRO_800721,168,9267234,3247383,9267234,3247383,0,0,0,0,rendered contours,6.072638988494873
D tibia,Diaphyseal_REPRO_229741,168,11490820,4656489,11490820,4656489,0,0,0,0,rendered contours,8.360584735870361
D tibia,Diaphyseal_REPRO_570800,168,12138622,4561983,12138622,4561983,0,0,0,0,rendered contours,8.858739137649536
D tibia,Diaphyseal_REPRO_511347,168,10158548,7603387,10158548,7603387,0,0,0,0,rendered contours,8.763310670852661
D tibia,Diaphyseal_REPRO_876976,168,12191012,5756958,12191012,5756958,0,0,0,0,rendered contours,8.957338094711304
D tibia,Diaphyseal_REPRO_105956,168,11710849,4232129,11710849,4232129,0,0,0,0,rendered contours,8.450582027435303
D tibia,Diaphyseal_REPRO_134330,168,14929767,4578035,14929767,4578035,0,0,0,0,rendered contours,9.614850997924805
D tibia,Diaphyseal_REPRO_799620,168,12938406,7044980,12938406,7044980,0,0,0,0,rendered contours,10.186682224273682
D tibia,Diaphyseal_REPRO_453933,168,14506049,5048379,14506049,5048379,0,0,0,0,rendered contours,9.325696229934692
D tibia,Diaphyseal_REPRO_593666,168,9697747,7784107,9697747,7784107,0,0,0,0,rendered contours,9.12211799621582
D tibia,Diaphyseal_REPRO_335949,168,17200428,3852014,17200428,3852014,0,0,0,0,rendered contours,9.509287118911743
