scan,cohort,site,source,BVTV_ipl,BVTV_ipldt,TbTh_ipl,TbTh_ipldt,TbSp_ipl,TbSp_ipldt,TbN_ipl,TbN_ipldt,CtTh_ipl,CtTh_ipldt,A_TbTh_differing_voxels,A_TbSp_differing_voxels,A_TbN_differing_voxels,A_CtTh_differing_voxels,B_SEG_differing_voxels,B_SEG_dice
PFJ-0be66a_R,patella,patella,patella,0.29947136281293385,0.29947136281293385,0.22449037214967374,0.2244902504680416,0.43800231091911784,0.43800230304903015,2.03669719692267,2.036697475341792,2.3249554688894043,2.3249554688894043,0,0,0,0,2,0.9999999072778196
PFJ-0fb201_R,patella,patella,patella,0.35834270592182926,0.3583426495933563,0.2201962416190224,0.22019624771019036,0.354538896180124,0.35453889155954177,2.3705168841641426,2.370516884164142,3.3133519806052685,3.313351980605269,0,0,0,0,2,0.9999999260010923
PFJ-351dc7_R,patella,patella,patella,0.42286286299296477,0.42286274264867907,0.23369140712147665,0.233691404484428,0.3077489879485359,0.3077489614353191,2.5619650197951565,2.5619648807500766,4.35422483987642,4.35422483987642,0,0,0,0,3,0.9999999345881635
PFJ-411dfd_L,patella,patella,patella,0.34333910431097103,0.34333910431097103,0.2164279841803036,0.2164279755798704,0.348032233160045,0.34803221619534563,2.397223313589607,2.397223340681764,2.8368916500902706,2.83689165009027,0,0,0,0,2,0.9999999221845172
PFJ-411dfd_R,patella,patella,patella,0.3495168372114435,0.34951700400430746,0.2147918529320604,0.2147918861802882,0.3368697736164559,0.33686977121495215,2.470548453992985,2.4705494881126926,2.285475437046451,2.285475437046451,0,0,0,0,3,0.9999998656876611
PFJ-42293d_L,patella,patella,patella,0.35066953332343853,0.35066957998227616,0.23748102384214168,0.2374810986038235,0.38400918609220636,0.3840091920537804,2.2618370058047965,2.261839214196847,3.1375956690588076,3.137595669058807,0,0,0,0,3,0.9999998953319991
PFJ-5f00b4_R,patella,patella,patella,0.41241573139298354,0.41241573139298354,0.2223806933006102,0.22238071649701338,0.27746806478161046,0.27746808445305843,2.7951356742627538,2.7951341885533876,3.5950706634746425,3.595070663474643,0,0,0,0,5,0.9999997967146071
PFJ-69bcb0_L,patella,patella,patella,0.34926490230926094,0.34926485710780664,0.23882531208441574,0.2388253115605488,0.39453372687598315,0.39453368544431416,2.216197380406578,2.2161973804065784,3.7205848805816744,3.720584880581675,0,0,0,0,1,0.999999969738896
PFJ-69bcb0_R,patella,patella,patella,0.3162676568197104,0.31626758072277406,0.23064246949419495,0.23064286150069876,0.4908105743121138,0.4908105176225596,1.8363890127287377,1.8363920597942414,3.093223402006305,3.093223402006305,0,0,0,0,5,0.9999998417258066
PFJ-6b714e_L,patella,patella,patella,0.37755798935735074,0.37755798935735074,0.22013578500807704,0.22013578500807704,0.303633344775919,0.303633344775919,2.6272992512577593,2.6272992512577593,2.9815538914449236,2.981553891444923,0,0,0,0,1,0.999999951404259
PFJ-6b714e_R,patella,patella,patella,0.3878702775725035,0.3878702775725035,0.21745246141395674,0.21745246141395677,0.2849548506889995,0.2849548506889995,2.767577961043589,2.767577961043589,2.3012657177498834,2.3012657177498834,0,0,0,0,2,0.9999998847963032
PFJ-6f5538_R,patella,patella,patella,0.4393280051575225,0.4393280051575225,0.23046792286481432,0.23046792286481432,0.27752745013759555,0.27752745013759555,2.7859624364204683,2.7859624364204683,6.378689328344624,6.378689328344624,0,0,0,0,2,0.9999998833362654
PFJ-8bcf88_L,patella,patella,patella,0.35750643809991794,0.35750643809991794,0.22756598543729903,0.22756598543729903,0.3393193264480088,0.3393193264480088,2.4982241987828324,2.4982241987828324,2.917932031247251,2.9179320312472514,0,0,0,0,0,1.0
PFJ-8bcf88_R,patella,patella,patella,0.41880107908709546,0.41880117921394616,0.23965462756642492,0.23965461049578662,0.30220061529861403,0.3022006472825102,2.6786437899469457,2.6786526770737,2.5994347674723275,2.599434767472327,0,0,0,0,2,0.9999999018706304
PFJ-a56aae_R,patella,patella,patella,0.37006931628927,0.3700691228880425,0.22279561399842004,0.22279568583663253,0.3327670744081077,0.3327669079301232,2.5231874820080447,2.523180701515363,2.895871919764858,2.8958719197648577,0,0,0,0,3,0.9999998636716417
PFJ-a5ee4c_R,patella,patella,patella,0.34656679431327597,0.34656679431327597,0.2111191713473473,0.21111902594132134,0.325514868144562,0.3255148959783218,2.559280194858413,2.5592767357639232,3.8092124185363434,3.8092124185363434,0,0,0,0,3,0.9999998887076761
PFJ-a91200_L,patella,patella,patella,0.28901533156535353,0.2890152832149789,0.21809473661473128,0.21809498439149272,0.4102488987944177,0.4102487907181382,2.1943419212296575,2.1943428090961477,1.9961678224908541,1.996167822490854,0,0,0,0,3,0.9999998456358714
PFJ-ab6af9_R,patella,patella,patella,0.3176213852790108,0.3176213297064454,0.2175885691181057,0.21758854304966643,0.3971123250530645,0.39711228582321645,2.164762048499959,2.1647626532078807,2.2905322245677584,2.290532224567758,0,0,0,0,5,0.9999999047127964
PFJ-b5d5d9_L,patella,patella,patella,0.2865665708476803,0.2865665708476803,0.21490467926950357,0.21490467926950357,0.44265421085843987,0.44265417598179485,2.0631246320532246,2.0631257976611113,2.1540596961285337,2.1540596961285337,0,0,0,0,2,0.9999998800461151
PFJ-d81140_L,patella,patella,patella,0.33440582996857793,0.33440582996857793,0.22367061178929676,0.22367061178929676,0.4203170901920057,0.4203170901920057,2.0754478335369755,2.0754478335369755,2.92334991796353,2.92334991796353,0,0,0,0,1,0.9999999597856365
PFJ-d81140_R,patella,patella,patella,0.3477873956480816,0.3477873956480816,0.22697701343470814,0.22697701343470814,0.37233676809855404,0.3723367680985541,2.3038606837317013,2.3038606837317013,3.288247073095158,3.288247073095158,0,0,0,0,0,1.0
Distal_CKD_128972,UD radius,UD radius,oslh_auto_v4,0.16133936934320386,0.16133936934320386,0.19069073703082057,0.19069072107441548,0.8034721311158692,0.803472434388573,1.2426428262536777,1.2426435396489508,0.435595480067738,0.435595480067738,0,0,0,0,318,0.9999689997445891
Distal_CKD_379176,UD radius,UD radius,oslh_auto_v4,0.1848378382292281,0.18483770475972922,0.196305182234804,0.19630514302831378,0.712397000350688,0.7123970108841625,1.3595301340330135,1.3595303213035186,0.6230100391422229,0.6230100391422229,0,0,0,0,64,0.9999929424214067
Distal_CKD_487451,UD radius,UD radius,oslh_auto_v4,0.19810673533236092,0.19810673533236092,0.192651831175843,0.192651831175843,0.8915600297235833,0.8915693848405722,1.0975320990089479,1.0975321215606653,0.4153068826026614,0.4153068826026614,0,0,0,0,410,0.9999341685048639
Distal_CKD_517426,UD radius,UD radius,oslh_auto_v4,0.2295970527353086,0.2295970527353086,0.20252109447234415,0.20252109447234415,0.6069554368668894,0.6069554368668894,1.5609477260797426,1.560952358040468,0.7515066141103135,0.7515066141103135,0,0,0,0,115,0.9999914237825966
Distal_CKD_524300,UD radius,UD radius,oslh_auto_v4,0.24591302193763126,0.24591290788733633,0.2038859263020108,0.2038857939889571,0.5100643329131196,0.5100644701264814,1.7742546543113857,1.7742546001813166,0.7130974562842725,0.7130974562842725,0,0,0,0,271,0.9999782184474318
Distal_CKD_717613,UD radius,UD radius,oslh_auto_v4,0.34606750366763595,0.34606743106634097,0.22119718958782406,0.22119712417069148,0.3823898208052917,0.3823898506754466,2.1379365025141697,2.1379365025141697,1.2219243594139828,1.2219243594139828,0,0,0,0,64,0.9999959298328625
Distal_CKD_779503,UD radius,UD radius,oslh_auto_v4,0.22525870978225668,0.22525870978225668,0.19176476994750505,0.19176476994750505,0.5489151700702684,0.5489151700702684,1.6520441027986874,1.6520441027986874,0.8262343545331,0.8262343545331,0,0,0,0,8,0.9999991918716837
Distal_CKD_802246,UD radius,UD radius,oslh_auto_v4,0.25448768143537986,0.2544876252914641,0.20995696151707255,0.20995696775866035,0.4409641773542306,0.44096424740487555,2.0947885011711866,2.0947866977801066,0.5554293235153875,0.5554293235153875,0,0,0,0,1,0.9999999145291913
Distal_CKD_969383,UD radius,UD radius,oslh_auto_v4,0.21010464797914946,0.21010464797914946,0.2061997362362322,0.2061997362362322,0.801426179350142,0.8014276157608871,1.1616006884297305,1.1615969076290438,0.5930926619197611,0.5930926619197611,0,0,0,0,214,0.9999776837761887
Distal_REPRO_139411,UD radius,UD radius,oslh_auto_v4,0.2894380553055123,0.2894379535009864,0.211470459981322,0.21147037308599473,0.5043917641682384,0.5043908785202834,1.7039264362553845,1.7039281484306847,0.7262192196388284,0.7262192196388284,0,0,0,0,443,0.9999708909351678
Distal_REPRO_188992,UD radius,UD radius,oslh_auto_v4,0.26675426743611025,0.26675421574610825,0.20821309106183514,0.20821312520562335,0.4236427343975886,0.42364297095243536,2.0977111399569615,2.0977107780180293,0.8112490143063781,0.8112490143063781,0,0,0,0,220,0.9999855138405377
Distal_REPRO_237035,UD radius,UD radius,oslh_auto_v4,0.25457247670425814,0.2545724214113256,0.20263697282735885,0.20263695946372876,0.45970632056482,0.45970639221667653,1.9446822013395353,1.9447192489507756,0.7497850097133612,0.7497850097133612,0,0,0,0,2232,0.9998381063197577
Distal_REPRO_243813,UD radius,UD radius,oslh_auto_v4,0.2422941355474174,0.2422941355474174,0.2122691183157256,0.2122691183157256,0.5691886102893979,0.569187352891901,1.5034578085073267,1.5034606392066958,0.6194886701456164,0.6194886701456164,0,0,0,0,41,0.9999956688824735
Distal_REPRO_247104,UD radius,UD radius,oslh_auto_v4,0.18594849811583258,0.18594849811583258,0.19137601092608786,0.19137601092608786,0.5632891737611295,0.5632893819216217,1.677810301307952,1.6778103568141527,0.49035661069416386,0.49035661069416386,0,0,0,0,132,0.9999815961081904
Distal_REPRO_319997,UD radius,UD radius,oslh_auto_v4,0.2038820687120608,0.20388200031231324,0.20557223912978279,0.20557226781585103,0.6453098143389319,0.6453096561008076,1.4262841393466446,1.4262854977932666,0.625489865157092,0.625489865157092,0,0,0,0,140,0.9999848850225256
Distal_REPRO_346361,UD radius,UD radius,oslh_auto_v4,0.2789281267540205,0.2789281267540205,0.21665800910600327,0.21665800910600327,0.5388348076475888,0.5388348076475888,1.5746003188471116,1.5746018924210683,1.10619532260188,1.10619532260188,0,0,0,0,1017,0.9999345902846699
Distal_REPRO_354224,UD radius,UD radius,oslh_auto_v4,0.19741502194162966,0.19741495016658986,0.20281872262725287,0.202818730265348,0.6245335127705621,0.6245319339751191,1.4984973854172638,1.4984990777235303,0.5471126207667479,0.5471126207667479,0,0,0,0,89,0.9999891589871084
Distal_REPRO_441968,UD radius,UD radius,oslh_auto_v4,0.2528442826403019,0.2528442826403019,0.22214751156316911,0.22214751156316911,0.5421326514504031,0.5421326514504031,1.638606115215317,1.638606115215317,0.7275981696965592,0.7275981696965592,0,0,0,0,54,0.9999959503166852
Distal_REPRO_444084,UD radius,UD radius,oslh_auto_v4,0.26805610141983754,0.26805610141983754,0.21209457783538668,0.21209460265537022,0.5032329652615016,0.5032329676369511,1.6990820275343979,1.6990821848874507,1.0237280194884213,1.0237280194884213,0,0,0,0,19,0.9999980326593052
Distal_REPRO_449250,UD radius,UD radius,oslh_auto_v4,0.2500151145807982,0.25001517595980655,0.20052195011081309,0.2005219079656154,0.4811659016303564,0.4811656964601551,1.834985412375019,1.8349849255261732,0.8604234544256159,0.8604234544256159,0,0,0,0,20,0.99999847404379
Distal_REPRO_472790,UD radius,UD radius,oslh_auto_v4,0.22747897058256536,0.2274789101506001,0.20672034376639348,0.20672064494023942,0.5834012973084367,0.583401905516214,1.5446027771345565,1.5446029883759957,0.6233404537379517,0.6233404537379517,0,0,0,0,1,0.9999999042539491
Distal_REPRO_697852,UD radius,UD radius,oslh_auto_v4,0.18915111731037396,0.18915111731037396,0.20856338409832118,0.20856338409832118,0.8551959917761202,0.855195944491335,1.123147663835839,1.1231473178121374,0.787344955597897,0.787344955597897,0,0,0,0,297,0.9999711553057581
Distal_REPRO_763554,UD radius,UD radius,oslh_auto_v4,0.2742951453290658,0.2742952412175498,0.2106281099508005,0.2106281428680798,0.43656330571031027,0.4365634326236533,2.0479282751091525,2.0479235493691927,1.0823769924780005,1.0823769924780005,0,0,0,0,327,0.9999681962271388
Distal_REPRO_775813,UD radius,UD radius,oslh_auto_v4,0.24880422247197234,0.24880403412347413,0.2079606299828864,0.20796072515596897,0.4640643665399834,0.4640640730458275,1.9713721573293832,1.9713725920395946,1.0665315562155397,1.0665315562155397,0,0,0,0,319,0.999977431333417
Distal_REPRO_784915,UD radius,UD radius,oslh_auto_v4,0.2012216699408682,0.20122154418738475,0.19039324786446762,0.19039321462403347,0.5320882714009786,0.5320867327189186,1.714012044358591,1.7140094628649558,0.579744233308077,0.579744233308077,0,0,0,0,7,0.9999992924479432
Distal_REPRO_802851,UD radius,UD radius,oslh_auto_v4,0.2684088156630845,0.2684088156630845,0.21355517914533753,0.21355517914533753,0.5522840058399465,0.5522840058399465,1.6106054935853922,1.6106054935853922,0.9981955893253668,0.9981955893253668,0,0,0,0,28,0.999997954186939
Distal_REPRO_809980,UD radius,UD radius,oslh_auto_v4,0.25344835984252573,0.25344827438872763,0.2132897706729715,0.2132897706729715,0.5145622716665893,0.5145644878634569,1.7805737073138292,1.7805615768672376,1.4987827796324236,1.4987827796324236,0,0,0,0,171,0.9999873059452049
Distal_REPRO_815742,UD radius,UD radius,oslh_auto_v4,0.24186087274589915,0.24186081553939243,0.21356892085927462,0.21356951786273656,0.6875995156631562,0.6875995962177731,1.314871085975419,1.314871085975419,0.784652150707374,0.784652150707374,0,0,0,0,32,0.9999974957121898
Distal_REPRO_850517,UD radius,UD radius,oslh_auto_v4,0.21984037481670068,0.2198402908644222,0.19745436346757758,0.19745439291005443,0.5106164461855206,0.5106163830412048,1.7987210196674333,1.7987206085134575,0.6378456421498735,0.6378456421498735,0,0,0,0,133,0.9999834840527353
Distal_CKD_113739,UD tibia,UD tibia,oslh_auto_v4,0.19528871715908616,0.1952886009695859,0.19865031873918226,0.19865032870531135,0.6506844556711249,0.6506844097438614,1.4898887245368067,1.4898886187873712,1.4106608488560053,1.4106608488560053,0,0,0,0,215,0.9999891526094155
Distal_CKD_114224,UD tibia,UD tibia,oslh_auto_v4,0.20746866560018212,0.20746870108185758,0.1984173453322428,0.1984173453322428,0.6389701939831314,0.6389701939831314,1.485819251908312,1.4858185493255835,1.7540657971412534,1.7540657971412534,0,0,0,0,43,0.9999981357609137
Distal_CKD_345857,UD tibia,UD tibia,oslh_auto_v4,0.19112234986255575,0.19112239208034756,0.20610582946897937,0.20610597316290222,1.0330660724811858,1.033066125700361,0.9428090674506658,0.942809039090512,0.6137939991605914,0.6137939991605914,0,0,0,0,1,0.9999999231573773
Distal_CKD_386723,UD tibia,UD tibia,oslh_auto_v4,0.2183821268708948,0.21838209193673017,0.2070479474491252,0.2070479474491252,0.632247515895384,0.6322475191846822,1.5107656591975926,1.5107657068623668,1.1346742928784181,1.1346742928784181,0,0,0,0,1,0.999999943719093
Distal_CKD_407187,UD tibia,UD tibia,oslh_auto_v4,0.24148736403076537,0.24148744027982796,0.20547732881506392,0.20547738211512578,0.5808091981649427,0.5808090313049192,1.5818833829123329,1.5818825451161105,1.514770643564614,1.514770643564614,0,0,0,0,136,0.9999953488391181
Distal_CKD_670761,UD tibia,UD tibia,oslh_auto_v4,0.24343075909107476,0.24343072231410132,0.21099585863560946,0.2109958259471077,0.7383153190120342,0.7383153190120342,1.2493254155963622,1.2493254155963622,1.8312578330711908,1.8312578330711908,0,0,0,0,189,0.9999921290315756
Distal_CKD_853269,UD tibia,UD tibia,oslh_auto_v4,0.19482426021114435,0.19482430275243875,0.20521600132009132,0.20521603847416345,0.689676383113155,0.6896765060715712,1.3887579462959636,1.388757701871513,1.1210402077795563,1.1210402077795563,0,0,0,0,320,0.9999878169561625
Distal_CKD_950636,UD tibia,UD tibia,oslh_auto_v4,0.18685542829946553,0.18685542829946553,0.20874717884009197,0.20874717884009197,0.8416082717157405,0.84161534995469,1.1767456836409127,1.1767401303338567,0.7442678161819267,0.7442678161819267,0,0,0,0,276,0.9999826013261571
Distal_CKD_951475,UD tibia,UD tibia,oslh_auto_v4,0.29971263412386656,0.29971263412386656,0.21402280006150723,0.21402280006150723,0.46082721987522396,0.46082721987522396,1.8595924157485082,1.8595924157485082,1.8583717292642912,1.8583717292642912,0,0,0,0,89,0.9999968675634328
Distal_REPRO_169172,UD tibia,UD tibia,oslh_auto_v4,0.2161007717842948,0.21610083498676255,0.22592069080752672,0.22592075633571404,0.7878764058492248,0.7878765432970631,1.182487892412392,1.1824875443879141,1.0870593186045974,1.0870593186045974,0,0,0,0,31,0.9999985240505253
Distal_REPRO_197603,UD tibia,UD tibia,oslh_auto_v4,0.2766906692553954,0.27669063695550256,0.2305967304928013,0.23059674340625474,0.6258030977616281,0.6258032640065084,1.3947135603779752,1.3947134377544947,1.3555146686653672,1.3555146686653672,0,0,0,0,107,0.9999961275604742
Distal_REPRO_204801,UD tibia,UD tibia,oslh_auto_v4,0.23292904335394993,0.23292907837884072,0.21967581774602268,0.21967654426122862,0.7225563372123327,0.722556360584226,1.3120153929031193,1.3120156867242765,1.9114069346137987,1.9114069346137987,0,0,0,0,40,0.9999985476760203
Distal_REPRO_2051,UD tibia,UD tibia,oslh_auto_v4,0.32230086020495374,0.3223168147100165,0.2303924162688126,0.2304176085912946,0.544562149818573,0.5445622776138849,1.5846774592378383,1.5846716536259144,1.843409241068085,1.843409241068085,0,0,0,0,23797,0.9993207956380906
Distal_REPRO_2095,UD tibia,UD tibia,oslh_auto_v4,0.26143194108149853,0.2615641892869849,0.22365024877422157,0.22371143071087224,0.6778542189848562,0.6778287001702727,1.3528844339489503,1.3530030774554096,1.9448972378888243,1.9448972378888243,0,0,0,0,41480,0.9984336732755736
Distal_REPRO_256984,UD tibia,UD tibia,oslh_auto_v4,0.24858078839144818,0.24858082240348142,0.21930783701976012,0.21930782344475316,0.6261175452593339,0.6261176473332667,1.4354498264647768,1.4354498264647768,1.071231661023353,1.071231661023353,0,0,0,0,42,0.9999980533432161
Distal_REPRO_462076,UD tibia,UD tibia,oslh_auto_v4,0.2968322690012308,0.2968322690012308,0.22019200908566067,0.22019200908566067,0.5230089514466086,0.5230089514466086,1.6340580735043193,1.6340580735043193,1.7065784461107643,1.7065784461107643,0,0,0,0,6,0.9999997458570894
Distal_REPRO_467802,UD tibia,UD tibia,oslh_auto_v4,0.22386985186642777,0.22386985186642777,0.22463889096321754,0.22463887374778657,0.6648490761146162,0.6648490149374262,1.3833775718057322,1.383378270780111,1.8892266587284274,1.8892266587284274,0,0,0,0,80,0.9999973086683553
Distal_REPRO_476576,UD tibia,UD tibia,oslh_auto_v4,0.29819662381942064,0.29819662381942064,0.24809089457755543,0.24809089457755543,0.6714486591896013,0.6714486591896013,1.3548635489169072,1.3548635489169072,1.8377624163977686,1.8377624163977686,0,0,0,0,43,0.9999986871151435
Distal_REPRO_478243,UD tibia,UD tibia,oslh_auto_v4,0.23524200431490155,0.23524200431490155,0.21872624805510205,0.21872624805510205,0.6612039927086134,0.6612039927086134,1.420830059115976,1.420830059115976,1.1920215502177558,1.1920215502177558,0,0,0,0,248,0.9999879580622036
Distal_REPRO_512539,UD tibia,UD tibia,oslh_auto_v4,0.2407714792697647,0.2407715276078225,0.21542722018394325,0.21542718993551513,0.632319522066522,0.6323192218807168,1.4226844433092134,1.422684346581412,1.243314255520057,1.243314255520057,0,0,0,0,25,0.9999985336103833
Distal_REPRO_512830,UD tibia,UD tibia,oslh_auto_v4,0.2806475080666859,0.2806474771447378,0.23365560721797482,0.2336556332728319,0.6338730819253818,0.6338731064150032,1.3696607870164872,1.3696628141590748,1.5090545921342886,1.5090545921342886,0,0,0,0,6,0.9999998012487672
Distal_REPRO_570636,UD tibia,UD tibia,oslh_auto_v4,0.20132518739127542,0.20132518739127542,0.21408092067891477,0.21408092067891477,0.778583537914109,0.778583537914109,1.215801321855508,1.215801321855508,1.5054539612811142,1.5054539612811142,0,0,0,0,35,0.9999984995732571
Distal_REPRO_612066,UD tibia,UD tibia,oslh_auto_v4,0.28114209056155565,0.2812550300223929,0.21996577026438674,0.2200548089502194,0.538439411028982,0.5384252319851174,1.6385905239472658,1.6385936327445305,1.521195083409185,1.521195083409185,0,0,0,0,17185,0.9994190930475697
Distal_REPRO_631616,UD tibia,UD tibia,oslh_auto_v4,0.24283930443287263,0.24283925601528059,0.24607039480152104,0.24607038186107788,0.728486809465222,0.728486809465222,1.2768616016881245,1.2768616016881245,1.5750179411213805,1.5750179411213805,0,0,0,0,25,0.999998743500063
Distal_REPRO_676439,UD tibia,UD tibia,oslh_auto_v4,0.26579642830932215,0.26579642830932215,0.23472868136672956,0.23472868136672956,0.7041024975274713,0.7041024975274713,1.2959630101906763,1.2959630101906763,1.9504410274229889,1.9504410274229889,0,0,0,0,16,0.99999937323173
Distal_REPRO_701639,UD tibia,UD tibia,oslh_auto_v4,0.293012694082111,0.2930126540910514,0.22066140464575218,0.22066135966717587,0.5451780950274453,0.5451774742945977,1.6081258135771554,1.6081209727623211,1.8629442780909102,1.8629442780909102,0,0,0,0,4,0.999999850042408
Distal_REPRO_702705,UD tibia,UD tibia,oslh_auto_v4,0.24480124018711197,0.24480124018711197,0.2131838091555556,0.2131838091555556,0.5982369918264714,0.5982369918264714,1.51784809432804,1.51784809432804,1.3288887515612062,1.3288887515612062,0,0,0,0,17,0.9999993342675257
Distal_REPRO_721429,UD tibia,UD tibia,oslh_auto_v4,0.197044570324076,0.197044570324076,0.21165485981074803,0.21165485981074803,0.8345461247034581,0.8345461247034581,1.126558108658571,1.126558108658571,1.1828110416396134,1.1828110416396134,0,0,0,0,3,0.9999998183880963
Distal_REPRO_855911,UD tibia,UD tibia,oslh_auto_v4,0.2552065859115505,0.25520653663056014,0.22559664424268572,0.22559664087931167,0.6733253169747154,0.6733252529928466,1.3151052197084894,1.3151054211166535,1.7743284961618808,1.7743284961618808,0,0,0,0,27,0.9999987650193657
Diaphyseal_BMAT_610892,diaphyseal,D tibia,oslh_noedit_v3,0.12394499244225549,0.12394476827661681,0.21652180572977228,0.21652197991554567,1.7080111947358745,1.7080108412909076,0.6111964601541657,0.6111965666939516,3.6382037166526056,3.6382037166526056,0,0,0,0,1,0.9999999294723737
Diaphyseal_CKD_131714,diaphyseal,D tibia,oslh_noedit_v3,0.181024584172861,0.181024584172861,0.22887410427013336,0.22887410427013336,1.1268266495396209,1.1268266495396209,0.9275626905787456,0.9275626905787456,4.974991311507967,4.974991311507967,0,0,0,0,2,0.99999992416804
Diaphyseal_CKD_220364,diaphyseal,D radius,oslh_noedit_v3,0.08873244924731462,0.08873244924731462,0.21538135069129868,0.21538135069129868,3.004606119025532,3.004606119025532,0.34222370740075403,0.34222370740075403,2.9814031499053306,2.9814031499053306,0,0,0,0,0,1.0
Diaphyseal_CKD_2422,diaphyseal,D tibia,oslh_auto_v4,0.19120062630884838,0.19120062630884838,0.20733556288683316,0.20733556288683316,0.5535516159020331,0.5535516159020331,1.736493946684493,1.736493946684493,5.930157593207956,5.930157593207956,0,0,0,0,0,1.0
Diaphyseal_CKD_263312,diaphyseal,D radius,oslh_noedit_v3,0.15699902101883473,0.15699902101883473,0.2216359104570091,0.2216359104570091,1.1058826710418652,1.1058826710418652,0.9413403903900418,0.9413403903900418,3.3027996966394984,3.3027996966394984,0,0,0,0,0,1.0
Diaphyseal_CKD_264031,diaphyseal,D tibia,oslh_noedit_v3,0.12462337395777265,0.12462337395777265,0.20870681827652923,0.20870656015988773,1.1681543779029764,1.1681544829763522,0.8939857233086416,0.8939861673580043,5.3961497722653595,5.3961497722653595,0,0,0,0,3,0.9999998825978972
Diaphyseal_CKD_312922,diaphyseal,D tibia,oslh_noedit_v3,0.09331458139954744,0.09331475617213772,0.22708979868077764,0.22709120343888223,4.0783932412869275,4.0783932412869275,0.2556128114501012,0.2556125242958272,2.390618329445487,2.390618329445487,0,0,0,0,1,0.999999899170628
Diaphyseal_CKD_315196,diaphyseal,D tibia,oslh_noedit_v3,0.13415956036012533,0.13415956036012533,0.2045470049962576,0.2045470049962576,1.387614568522119,1.387614568522119,0.7613495387095669,0.7613495387095669,4.366941512593427,4.366941512593427,0,0,0,0,4,0.9999997814565919
Diaphyseal_CKD_331338,diaphyseal,D radius,oslh_noedit_v3,0.17228228135812293,0.17228228135812293,0.22619743696149225,0.22619743696149225,1.4480734050775907,1.4480734050775907,0.7460664027016853,0.7460664027016853,2.721982726781826,2.721982726781826,0,0,0,0,0,1.0
Diaphyseal_CKD_341269,diaphyseal,D radius,oslh_auto_v4,0.07546724335837522,0.07546724335837522,0.18530628046116096,0.18530628046116096,1.674043106659376,1.674043106659376,0.5959852651910701,0.5959852651910701,3.551479727470939,3.551479727470939,0,0,0,0,0,1.0
Diaphyseal_CKD_357300,diaphyseal,D radius,oslh_noedit_v3,0.06345956421598167,0.06345956421598167,0.18512822371069873,0.18512822371069873,2.124810051015107,2.124810051015107,0.4815642051720323,0.4815642051720323,3.116200274870965,3.116200274870965,0,0,0,0,0,1.0
Diaphyseal_CKD_433045,diaphyseal,D tibia,oslh_noedit_v3,0.14467904437685356,0.14467904437685356,0.184144919170575,0.184144919170575,0.6781903701149449,0.6781903701149449,1.4818587659332718,1.4818587659332718,6.139279510848207,6.139279510848207,0,0,0,0,0,1.0
Diaphyseal_CKD_449824,diaphyseal,D tibia,oslh_auto_v4,0.10809205331646302,0.10809195277020525,0.21676414620782627,0.21676417884172006,1.902583357549282,1.9025819551545973,0.5537613588710864,0.553761680848646,2.9046296486301437,2.9046296486301437,0,0,0,0,1,0.99999993483669
Diaphyseal_CKD_490293,diaphyseal,D tibia,oslh_noedit_v3,0.1437000186122576,0.1437000186122576,0.1912606594539544,0.1912606594539544,0.5924580199249807,0.5924580199249807,1.6703592905985272,1.6703592905985272,5.91342777061423,5.91342777061423,0,0,0,0,1,0.9999999649400986
Diaphyseal_CKD_551488,diaphyseal,D radius,oslh_noedit_v3,0.1362337368960493,0.1362337368960493,0.21220400180119492,0.21220400180119492,1.413288787302417,1.413288787302417,0.738334414918066,0.738334414918066,3.472550003854201,3.472550003854201,0,0,0,0,2,0.9999998019154381
Diaphyseal_CKD_558517,diaphyseal,D radius,oslh_auto_v4,0.1918664544896308,0.1918664544896308,0.21520446403336327,0.21520446403336327,0.6722262731540415,0.6722262731540415,1.3947234566833489,1.3947234566833489,4.165122478195107,4.165122478195107,0,0,0,0,0,1.0
Diaphyseal_CKD_581203,diaphyseal,D radius,oslh_noedit_v3,0.08078171268458398,0.08078171268458398,0.20740497204448413,0.20740497204448413,2.754147933060481,2.754147933060481,0.3787202064525923,0.3787202064525923,2.125558616238265,2.125558616238265,0,0,0,0,0,1.0
Diaphyseal_CKD_797034,diaphyseal,D radius,oslh_noedit_v3,0.1751168255854785,0.1751168255854785,0.2140575279891964,0.2140575279891964,2.1235843893546695,2.1235843893546695,0.5024492655487101,0.5024492655487101,2.2621556294889857,2.2621556294889857,0,0,0,0,0,1.0
Diaphyseal_REPRO_105956,diaphyseal,D tibia,oslh_noedit_v3,0.09428705977535184,0.09428729606304534,0.20755870453838784,0.2075584867359991,1.0754469542521774,1.0754471592352965,0.9417320719260168,0.9417318138355135,5.728719772919875,5.728719772919875,0,0,0,0,1,0.9999999541777329
Diaphyseal_REPRO_134330,diaphyseal,D tibia,oslh_noedit_v3,0.09556108679815685,0.09556108679815685,0.18379957090446516,0.18379957090446516,0.7008965130564476,0.7008965130564476,1.4073354299861427,1.4073354299861427,6.990528839845017,6.990528839845017,0,0,0,0,2,0.9999999295661061
Diaphyseal_REPRO_189563,diaphyseal,D radius,oslh_noedit_v3,0.029813693341090602,0.029813693341090602,0.17227605588543485,0.17227605588543485,1.723302194831148,1.723302194831148,0.5630744974132692,0.5630744974132692,2.8380104640907415,2.8380104640907415,0,0,0,0,0,1.0
Diaphyseal_REPRO_211122,diaphyseal,D tibia,oslh_noedit_v3,0.14519798962694222,0.14519798962694222,0.22899858033813464,0.22899858033813464,0.6648042070248934,0.6648042070248934,1.4808868498804015,1.4808868498804015,5.80985589744872,5.80985589744872,0,0,0,0,0,1.0
Diaphyseal_REPRO_229741,diaphyseal,D tibia,oslh_noedit_v3,0.1476818693225733,0.1476818693225733,0.24646956557622274,0.24646956557622274,1.0317240245847052,1.0317244325890567,0.9911873526104206,0.9911871052577204,5.387184180469505,5.387184180469505,0,0,0,0,1,0.9999999561357548
Diaphyseal_REPRO_231656,diaphyseal,D tibia,oslh_noedit_v3,0.04963267785023516,0.04963267785023516,0.18337533214249602,0.18337533214249602,1.2167096242632385,1.2167096242632385,0.814926576403129,0.814926576403129,5.462078658905447,5.462078658905447,0,0,0,0,0,1.0
Diaphyseal_REPRO_246089,diaphyseal,D radius,oslh_noedit_v3,0.0479416511666388,0.0479416511666388,0.20416126917052202,0.20416126917052202,2.6317259922850567,2.6317259922850567,0.38000415584848846,0.38000415584848846,3.350217397912788,3.350217397912788,0,0,0,0,0,1.0
Diaphyseal_REPRO_282547,diaphyseal,D tibia,oslh_noedit_v3,0.13416691335237166,0.13416691335237166,0.23490280085530535,0.23490280085530535,0.782726773321443,0.782726773321443,1.2718030815201449,1.2718030815201449,6.439885523008944,6.439885523008944,0,0,0,0,1,0.999999967458462
Diaphyseal_REPRO_305604,diaphyseal,D radius,oslh_noedit_v3,0.013128791081484457,0.013128791081484457,0.14779083273766977,0.14779083273766977,2.9585536268203336,2.9585536268203336,0.3315693985385758,0.3315693985385758,3.290589568438657,3.290589568438657,0,0,0,0,0,1.0
Diaphyseal_REPRO_314619,diaphyseal,D tibia,oslh_noedit_v3,0.16087358734823834,0.16087330744200692,0.21232511737584536,0.21232527726245634,0.5957110908831152,0.595710991485536,1.638961677522101,1.6389619228386256,7.159539784040404,7.159539784040404,0,0,0,0,3,0.9999998941859668
Diaphyseal_REPRO_330187,diaphyseal,D tibia,oslh_noedit_v3,0.10275185830119378,0.10275185830119378,0.20423302974739357,0.20423302974739357,1.2341768638317108,1.2341768638317108,0.8291191319852497,0.8291192352054092,4.948405991414908,4.948405991414908,0,0,0,0,3,0.9999998539251552
Diaphyseal_REPRO_335949,diaphyseal,D tibia,oslh_noedit_v3,0.12507716742462516,0.12507716742462516,0.19227570285034684,0.19227570285034684,0.6128413519281025,0.6128413519281025,1.609148587909815,1.609148587909815,8.09111188201075,8.09111188201075,0,0,0,0,0,1.0
Diaphyseal_REPRO_352455,diaphyseal,D radius,oslh_noedit_v3,0.04502253497797263,0.04502253497797263,0.22436557054144676,0.22436557054144676,2.4243690993085694,2.4243690993085694,0.4128516708042615,0.4128516708042615,2.381114319465729,2.381114319465729,0,0,0,0,0,1.0
Diaphyseal_REPRO_368516,diaphyseal,D radius,oslh_noedit_v3,0.05449596101889848,0.05449596101889848,0.17217536406548156,0.17217536406548156,1.3179542849619132,1.3179542849619132,0.7300937369912407,0.7300937369912407,4.133594022576623,4.133594022576623,0,0,0,0,0,1.0
Diaphyseal_REPRO_392589,diaphyseal,D radius,oslh_noedit_v3,0.012284847362356384,0.012284847362356384,0.134492881046547,0.134492881046547,2.1603922844609698,2.1603922844609698,0.4411418230866502,0.4411418230866502,3.6136020202015455,3.6136020202015455,0,0,0,0,0,1.0
Diaphyseal_REPRO_407979,diaphyseal,D radius,oslh_noedit_v3,0.0406852166239845,0.0406852166239845,0.190656099107525,0.190656099107525,2.728346199320771,2.728346199320771,0.36963220931368607,0.36963220931368607,3.1838247490931693,3.1838247490931693,0,0,0,0,1,0.9999998813988719
Diaphyseal_REPRO_453933,diaphyseal,D tibia,oslh_noedit_v3,0.06536969589644517,0.06536969589644517,0.1861167893643084,0.1861167893643084,0.9409237909805275,0.9409237909805275,1.0528719910591677,1.0528719910591677,6.542550677634085,6.542550677634085,0,0,0,0,2,0.9999999267586798
Diaphyseal_REPRO_508753,diaphyseal,D tibia,oslh_noedit_v3,0.10559212133223467,0.10559212133223467,0.20741977226909053,0.20741977226909053,1.1794141978989876,1.1794141978989876,0.8686907385554251,0.8686907385554251,4.547387735548319,4.547387735548319,0,0,0,0,0,1.0
Diaphyseal_REPRO_511347,diaphyseal,D tibia,oslh_noedit_v3,0.06592483060509743,0.06592483060509743,0.2021224060474379,0.2021224060474379,2.411594034058295,2.411594034058295,0.42661973009615795,0.42661973009615795,4.292283810767714,4.292283810767714,0,0,0,0,1,0.9999999489049958
Diaphyseal_REPRO_546324,diaphyseal,D radius,oslh_noedit_v3,0.022828903940348956,0.022828903940348956,0.14491829866396078,0.14491829866396078,1.7160135362446298,1.7160135362446298,0.5695116408216732,0.5695116408216732,3.8825329934644928,3.8825329934644928,0,0,0,0,1,0.9999998877773737
Diaphyseal_REPRO_570800,diaphyseal,D tibia,oslh_noedit_v3,0.1341697239994099,0.1341697239994099,0.22076221842388455,0.22076221842388455,0.6912732775435155,0.6912732775435155,1.4107060854143245,1.4107060854143245,5.790036276471059,5.790036276471059,0,0,0,0,0,1.0
Diaphyseal_REPRO_574404,diaphyseal,D radius,oslh_noedit_v3,0.04673357951199691,0.04673357951199691,0.18212031031192294,0.18212031031192294,3.121999569533182,3.121999569533182,0.3252276175661462,0.3252276175661462,2.391150555917766,2.391150555917766,0,0,0,0,1,0.9999998371421178
Diaphyseal_REPRO_5876,diaphyseal,D radius,oslh_noedit_v3,0.006320028035844221,0.006320028035844221,0.12850657235156512,0.12850657235156512,5.49469404553898,5.49469404553898,0.1854379634486415,0.1854379634486415,2.755009426965728,2.755009426965728,0,0,0,0,0,1.0
Diaphyseal_REPRO_589348,diaphyseal,D radius,oslh_noedit_v3,0.1399099577776136,0.1399099577776136,0.24571070825098057,0.24571070825098057,2.230995115574603,2.230995115574603,0.46541092951273194,0.46541092951273194,2.29419241419352,2.29419241419352,0,0,0,0,0,1.0
Diaphyseal_REPRO_593666,diaphyseal,D tibia,oslh_noedit_v3,0.08862647956920428,0.08862647956920428,0.21290058428390737,0.21290058428390737,1.493172514340282,1.493172514340282,0.6833839588199315,0.6833839588199315,3.941845245045065,3.941845245045065,0,0,0,0,3,0.999999843902707
Diaphyseal_REPRO_655328,diaphyseal,D radius,oslh_noedit_v3,0.035131884972080335,0.035131884972080335,0.1625783988289607,0.1625783988289607,1.2182113619303128,1.2182113619303128,0.7791060560472785,0.7791060560472785,3.730878739867549,3.730878739867549,0,0,0,0,0,1.0
Diaphyseal_REPRO_760494,diaphyseal,D radius,oslh_noedit_v3,0.057918813182296136,0.057918813182296136,0.21823009020735037,0.21823009020735037,3.094449816855829,3.094449816855829,0.332990911614235,0.332990911614235,3.2398837350247143,3.2398837350247143,0,0,0,0,0,1.0
Diaphyseal_REPRO_787166,diaphyseal,D tibia,oslh_noedit_v3,0.1830444704501714,0.1830444704501714,0.1855927750232358,0.1855927750232358,0.40625665175853337,0.40625665175853337,2.3466359932829493,2.3466359932829493,7.1789221597496065,7.1789221597496065,0,0,0,0,1,0.9999999655620642
Diaphyseal_REPRO_797620,diaphyseal,D tibia,oslh_noedit_v3,0.14967805791701666,0.14967805791701666,0.2226395392500804,0.2226395392500804,0.7523638031895572,0.7523638031895572,1.3289490134041149,1.3289490134041149,6.502435864620592,6.502435864620592,0,0,0,0,0,1.0
Diaphyseal_REPRO_797786,diaphyseal,D radius,oslh_noedit_v3,0.09929232931650625,0.09929232931650625,0.2341613814626602,0.2341613814626602,1.295131556528564,1.295131556528564,0.7408098203615319,0.7408098203615319,2.8201133901821356,2.8201133901821356,0,0,0,0,0,1.0
Diaphyseal_REPRO_799620,diaphyseal,D tibia,oslh_noedit_v3,0.0575280554380566,0.05752819738310116,0.18965661092054378,0.18965661092054378,1.3287470280637375,1.3287748527214958,0.7588092980625789,0.7588077876000991,5.498561171945312,5.498561171945312,0,0,0,0,2,0.9999999177905587
Diaphyseal_REPRO_800721,diaphyseal,D tibia,oslh_noedit_v3,0.12065069010954359,0.12065069010954359,0.21783213511873248,0.21783213511873248,1.2881916886731954,1.2881916886731954,0.7956070222268805,0.7956070222268805,5.143826128134694,5.143826128134694,0,0,0,0,0,1.0
Diaphyseal_REPRO_876976,diaphyseal,D tibia,oslh_noedit_v3,0.05684998917831258,0.05684998917831258,0.1885224177588416,0.1885224177588416,1.4212180433627923,1.4212180433627923,0.7110562307754003,0.7110562307754003,5.595832629694937,5.595832629694937,0,0,0,0,0,1.0
Diaphyseal_REPRO_880988,diaphyseal,D radius,oslh_noedit_v3,0.08773006876939016,0.08773006876939016,0.2025251127670144,0.2025251127670144,2.115688943789311,2.115688943789311,0.4674234377862119,0.4674234377862119,2.4769678942103144,2.4769678942103144,0,0,0,0,0,1.0
Diaphyseal_REPRO_907071,diaphyseal,D radius,oslh_noedit_v3,0.03554587422800352,0.03554587422800352,0.15450544344647923,0.15450544344647923,1.0385389883649228,1.0385389883649228,0.8653311285517916,0.8653311285517916,3.632412019225931,3.632412019225931,0,0,0,0,0,1.0
Diaphyseal_REPRO_930535,diaphyseal,D radius,oslh_noedit_v3,0.08507547998199635,0.08507547998199635,0.18913498558038933,0.18913498558038933,0.9384133546292156,0.9384133546292156,1.020581606639496,1.020581606639496,4.1584968921708825,4.1584968921708825,0,0,0,0,0,1.0
Diaphyseal_REPRO_941610,diaphyseal,D radius,oslh_noedit_v3,0.05793120840951688,0.05793120840951688,0.17977033399999998,0.17977033399999998,1.4657047895741053,1.4657047895741053,0.6598303137070839,0.6598303137070839,4.1465411497398685,4.1465411497398685,0,0,0,0,0,1.0
Diaphyseal_REPRO_948276,diaphyseal,D tibia,oslh_noedit_v3,0.1796309433661472,0.1796309433661472,0.2242521524030581,0.2242521524030581,0.5795830122484802,0.5795830122484802,1.6847213313210276,1.6847213313210276,6.534936915158488,6.534936915158488,0,0,0,0,1,0.9999999628879925
Diaphyseal_REPRO_950609,diaphyseal,D radius,oslh_noedit_v3,0.008035900357058505,0.008035900357058505,0.12966964038727524,0.12966964038727524,2.4826263721307305,2.4826263721307305,0.3692115289194186,0.3692115289194186,3.2566602090438197,3.2566602090438197,0,0,0,0,0,1.0
Diaphyseal_REPRO_962411,diaphyseal,D radius,oslh_noedit_v3,0.023876578387964753,0.023876578387964753,0.15010165422339333,0.15010165422339333,1.3407856636579192,1.3407856636579192,0.6839535487558697,0.6839535487558697,3.5046625062502956,3.5046625062502956,0,0,0,0,0,1.0
